{
  "name": "angular-pdf",
  "version": "1.3.0",
  "description": "An Angularjs directive <ng-pdf> to display PDF in the browser with PDFJS.",
  "main": "./dist/angular-pdf.js",
  "license": "MIT",
  "homepage": "http://github.com/sayanee/angularjs-pdf",
  "dependencies": {
    "angular": "1.4.8",
    "pdfjs-dist": "1.3.100"
  },
  "devDependencies": {
    "angular-mocks": "1.4.8"
  },
  "ignore": [
    "**/.*",
    "package.json",
    "CONTRIBUTING.md",
    "Gruntfile.js",
    "example",
    "test"
  ],
  "_release": "1.3.0",
  "_resolution": {
    "type": "version",
    "tag": "1.3.0",
    "commit": "d939a8d2e371631747b65e578c541f532d64bd39"
  },
  "_source": "https://github.com/sayanee/angularjs-pdf.git",
  "_target": "^1.3.0",
  "_originalSource": "angular-pdf",
  "_direct": true
}