{
  "name": "chance",
  "version": "1.0.4",
  "main": "chance.js",
  "ignore": [
    "node_modules"
  ],
  "description": "Chance - Utility library to generate anything random",
  "homepage": "http://chancejs.com",
  "keywords": [
    "chance",
    "random",
    "generator"
  ],
  "author": {
    "name": "Victor Quinn",
    "web": "http://victorquinn.com"
  },
  "devDependencies": {
    "phone_number_js": "~1.0.0"
  },
  "_release": "1.0.4",
  "_resolution": {
    "type": "version",
    "tag": "1.0.4",
    "commit": "f71545989493d6833a8d621c6261eaf494ce4c1c"
  },
  "_source": "https://github.com/victorquinn/chancejs.git",
  "_target": "^1.0.4",
  "_originalSource": "chance",
  "_direct": true
}